Test_Ids,Password
PFTEST001003,Ibmtestpassw0rd
PFTEST001004,Ibmtestpassw0rd
PFTEST001005,Ibmtestpassw0rd
PFTEST001006,Ibmtestpassw0rd
PFTEST001007,Ibmtestpassw0rd
PFTEST001008,Ibmtestpassw0rd
PFTEST001009,Ibmtestpassw0rd
PFTEST001010,Ibmtestpassw0rd
PFTEST001011,Ibmtestpassw0rd
PFTEST001012,Ibmtestpassw0rd
PFTEST001013,Ibmtestpassw0rd
PFTEST001014,Ibmtestpassw0rd
PFTEST001015,Ibmtestpassw0rd
PFTEST001016,Ibmtestpassw0rd
PFTEST001017,Ibmtestpassw0rd
PFTEST001018,Ibmtestpassw0rd
PFTEST001019,Ibmtestpassw0rd
PFTEST001020,Ibmtestpassw0rd
PFTEST001021,Ibmtestpassw0rd
PFTEST001022,Ibmtestpassw0rd
PFTEST001023,Ibmtestpassw0rd
PFTEST001024,Ibmtestpassw0rd
PFTEST001025,Ibmtestpassw0rd
PFTEST001026,Ibmtestpassw0rd
PFTEST002001,Ibmtestpassw0rd
PFTEST002002,Ibmtestpassw0rd
PFTEST002003,Ibmtestpassw0rd
PFTEST002004,Ibmtestpassw0rd
PFTEST002005,Ibmtestpassw0rd
PFTEST002006,Ibmtestpassw0rd
PFTEST002007,Ibmtestpassw0rd
PFTEST002008,Ibmtestpassw0rd
PFTEST002009,Ibmtestpassw0rd
PFTEST002010,Ibmtestpassw0rd
PFTEST003001,Ibmtestpassw0rd
PFTEST003002,Ibmtestpassw0rd
PFTEST003003,Ibmtestpassw0rd
PFTEST003004,Ibmtestpassw0rd
PFTEST003005,Ibmtestpassw0rd
PFTEST003006,Ibmtestpassw0rd
PFTEST003007,Ibmtestpassw0rd
PFTEST003008,Ibmtestpassw0rd
PFTEST003009,Ibmtestpassw0rd
PFTEST003010,Ibmtestpassw0rd
PFTEST003011,Ibmtestpassw0rd
PFTEST003012,Ibmtestpassw0rd
PFTEST003013,Ibmtestpassw0rd
PFTEST003014,Ibmtestpassw0rd
PFTEST003015,Ibmtestpassw0rd
PFTEST003016,Ibmtestpassw0rd
PFTEST003017,Ibmtestpassw0rd
PFTEST003018,Ibmtestpassw0rd
PFTEST003019,Ibmtestpassw0rd
PFTEST003020,Ibmtestpassw0rd
PFTEST003021,Ibmtestpassw0rd
PFTEST003022,Ibmtestpassw0rd
PFTEST003023,Ibmtestpassw0rd
PFTEST003024,Ibmtestpassw0rd
PFTEST003025,Ibmtestpassw0rd
PFTEST003026,Ibmtestpassw0rd
PFTEST003027,Ibmtestpassw0rd
PFTEST003028,Ibmtestpassw0rd
PFTEST003029,Ibmtestpassw0rd
PFTEST003030,Ibmtestpassw0rd
PFTEST003031,Ibmtestpassw0rd
PFTEST003032,Ibmtestpassw0rd
PFTEST003033,Ibmtestpassw0rd
PFTEST003034,Ibmtestpassw0rd
PFTEST003035,Ibmtestpassw0rd
PFTEST003036,Ibmtestpassw0rd
PFTEST003037,Ibmtestpassw0rd
PFTEST003038,Ibmtestpassw0rd
PFTEST003039,Ibmtestpassw0rd
PFTEST003040,Ibmtestpassw0rd
PFTEST003041,Ibmtestpassw0rd
PFTEST003042,Ibmtestpassw0rd
PFTEST003043,Ibmtestpassw0rd
PFTEST003044,Ibmtestpassw0rd
PFTEST003045,Ibmtestpassw0rd
PFTEST003046,Ibmtestpassw0rd
PFTEST003047,Ibmtestpassw0rd
PFTEST003048,Ibmtestpassw0rd
PFTEST003049,Ibmtestpassw0rd
PFTEST003050,Ibmtestpassw0rd
PFTEST004001,Ibmtestpassw0rd
PFTEST004002,Ibmtestpassw0rd
PFTEST004003,Ibmtestpassw0rd
PFTEST004004,Ibmtestpassw0rd
PFTEST004005,Ibmtestpassw0rd
PFTEST004006,Ibmtestpassw0rd
PFTEST004007,Ibmtestpassw0rd
PFTEST005001,Ibmtestpassw0rd
PFTEST005002,Ibmtestpassw0rd
PFTEST005003,Ibmtestpassw0rd
PFTEST005004,Ibmtestpassw0rd
PFTEST005005,Ibmtestpassw0rd
PFTEST005006,Ibmtestpassw0rd
PFTEST005007,Ibmtestpassw0rd
PFTEST005008,Ibmtestpassw0rd
PFTEST005009,Ibmtestpassw0rd
PFTEST005010,Ibmtestpassw0rd
PFTEST005011,Ibmtestpassw0rd
PFTEST005012,Ibmtestpassw0rd
PFTEST005013,Ibmtestpassw0rd
PFTEST005014,Ibmtestpassw0rd
PFTEST005015,Ibmtestpassw0rd
PFTEST005016,Ibmtestpassw0rd
PFTEST005017,Ibmtestpassw0rd
PFTEST005018,Ibmtestpassw0rd
PFTEST006001,Ibmtestpassw0rd
PFTEST008001,Ibmtestpassw0rd
PFTEST008002,Ibmtestpassw0rd
PFTEST008003,Ibmtestpassw0rd
PFTEST008004,Ibmtestpassw0rd
PFTEST008005,Ibmtestpassw0rd
PFTEST008006,Ibmtestpassw0rd
PFTEST008007,Ibmtestpassw0rd
PFTEST008008,Ibmtestpassw0rd
PFTEST008009,Ibmtestpassw0rd
PFTEST008010,Ibmtestpassw0rd
PFTEST009001,Ibmtestpassw0rd
PFTEST009002,Ibmtestpassw0rd
PFTEST009003,Ibmtestpassw0rd
PFTEST009004,Ibmtestpassw0rd
PFTEST009005,Ibmtestpassw0rd
PFTEST009006,Ibmtestpassw0rd
PFTEST009007,Ibmtestpassw0rd
PFTEST009008,Ibmtestpassw0rd
PFTEST009009,Ibmtestpassw0rd
PFTEST009010,Ibmtestpassw0rd
PFTEST010001,Ibmtestpassw0rd
PFTEST010002,Ibmtestpassw0rd
PFTEST010003,Ibmtestpassw0rd
PFTEST010004,Ibmtestpassw0rd
PFTEST010005,Ibmtestpassw0rd
PFTEST010006,Ibmtestpassw0rd
PFTEST010007,Ibmtestpassw0rd
PFTEST011001,Ibmtestpassw0rd
PFTEST011002,Ibmtestpassw0rd
PFTEST011003,Ibmtestpassw0rd
PFTEST011004,Ibmtestpassw0rd
PFTEST011005,Ibmtestpassw0rd
PFTEST011006,Ibmtestpassw0rd
PFTEST011007,Ibmtestpassw0rd
PFTEST011008,Ibmtestpassw0rd
PFTEST011009,Ibmtestpassw0rd
PFTEST011010,Ibmtestpassw0rd
PFTEST012001,Ibmtestpassw0rd
PFTEST012002,Ibmtestpassw0rd
PFTEST012003,Ibmtestpassw0rd
PFTEST012004,Ibmtestpassw0rd
PFTEST012005,Ibmtestpassw0rd
PFTEST017001,Ibmtestpassw0rd
PFTEST013001,Ibmtestpassw0rd
PFTEST013002,Ibmtestpassw0rd
PFTEST013003,Ibmtestpassw0rd
PFTEST013004,Ibmtestpassw0rd
PFTEST013005,Ibmtestpassw0rd
PFTEST013006,Ibmtestpassw0rd
PFTEST013007,Ibmtestpassw0rd
PFTEST013008,Ibmtestpassw0rd
PFTEST013009,Ibmtestpassw0rd
PFTEST013010,Ibmtestpassw0rd
PFTEST013011,Ibmtestpassw0rd
PFTEST013012,Ibmtestpassw0rd
PFTEST013013,Ibmtestpassw0rd
PFTEST013014,Ibmtestpassw0rd
PFTEST013015,Ibmtestpassw0rd
PFTEST013016,Ibmtestpassw0rd
PFTEST014001,Ibmtestpassw0rd
PFTEST015001,Ibmtestpassw0rd
PFTEST015002,Ibmtestpassw0rd
PFTEST015003,Ibmtestpassw0rd
PFTEST015004,Ibmtestpassw0rd
PFTEST015005,Ibmtestpassw0rd
PFTEST015006,Ibmtestpassw0rd
PFTEST015007,Ibmtestpassw0rd
PFTEST015008,Ibmtestpassw0rd
PFTEST015009,Ibmtestpassw0rd
PFTEST015010,Ibmtestpassw0rd
PFTEST015011,Ibmtestpassw0rd
PFTEST015012,Ibmtestpassw0rd
PFTEST015013,Ibmtestpassw0rd
PFTEST015014,Ibmtestpassw0rd
PFTEST015015,Ibmtestpassw0rd
PFTEST015016,Ibmtestpassw0rd
PFTEST015017,Ibmtestpassw0rd
PFTEST015018,Ibmtestpassw0rd
PFTEST015019,Ibmtestpassw0rd
PFTEST015020,Ibmtestpassw0rd
PFTEST015021,Ibmtestpassw0rd
PFTEST015022,Ibmtestpassw0rd
PFTEST015023,Ibmtestpassw0rd
PFTEST015024,Ibmtestpassw0rd
PFTEST015025,Ibmtestpassw0rd
PFTEST015026,Ibmtestpassw0rd
PFTEST015027,Ibmtestpassw0rd
PFTEST015028,Ibmtestpassw0rd
PFTEST015029,Ibmtestpassw0rd
PFTEST015030,Ibmtestpassw0rd
PFTEST015031,Ibmtestpassw0rd
PFTEST015032,Ibmtestpassw0rd
PFTEST015033,Ibmtestpassw0rd
PFTEST015034,Ibmtestpassw0rd
PFTEST015035,Ibmtestpassw0rd
PFTEST015036,Ibmtestpassw0rd
PFTEST015037,Ibmtestpassw0rd
PFTEST015038,Ibmtestpassw0rd
PFTEST015039,Ibmtestpassw0rd
PFTEST015040,Ibmtestpassw0rd
PFTEST015041,Ibmtestpassw0rd
PFTEST015042,Ibmtestpassw0rd
PFTEST015043,Ibmtestpassw0rd
PFTEST015044,Ibmtestpassw0rd
PFTEST015045,Ibmtestpassw0rd
PFTEST015046,Ibmtestpassw0rd
PFTEST015047,Ibmtestpassw0rd
PFTEST015048,Ibmtestpassw0rd
PFTEST015049,Ibmtestpassw0rd
PFTEST015050,Ibmtestpassw0rd
PFTEST015051,Ibmtestpassw0rd
PFTEST015052,Ibmtestpassw0rd
PFTEST015053,Ibmtestpassw0rd
PFTEST015054,Ibmtestpassw0rd
PFTEST015055,Ibmtestpassw0rd
PFTEST015056,Ibmtestpassw0rd
PFTEST015057,Ibmtestpassw0rd
PFTEST015058,Ibmtestpassw0rd
PFTEST015059,Ibmtestpassw0rd
PFTEST015060,Ibmtestpassw0rd
PFTEST016001,Ibmtestpassw0rd
PFTEST016002,Ibmtestpassw0rd
PFTEST016003,Ibmtestpassw0rd
PFTEST016004,Ibmtestpassw0rd
PFTEST016005,Ibmtestpassw0rd
PFTEST016006,Ibmtestpassw0rd
PFTEST016007,Ibmtestpassw0rd
PFTEST016008,Ibmtestpassw0rd
PFTEST016009,Ibmtestpassw0rd
PFTEST016010,Ibmtestpassw0rd
PFTEST016011,Ibmtestpassw0rd
PFTEST016012,Ibmtestpassw0rd
PFTEST016013,Ibmtestpassw0rd
PFTEST016014,Ibmtestpassw0rd
PFTEST016015,Ibmtestpassw0rd
PFTEST016016,Ibmtestpassw0rd
PFTEST016017,Ibmtestpassw0rd
PFTEST016018,Ibmtestpassw0rd
