Numbers,Cust Reference
7510661463,Performance Test_1
7510661464,Performance Test_1
7510661470,Performance Test_1
7510661475,Performance Test_1
7510661476,Performance Test_1
7510661485,Performance Test_1
7510661495,Performance Test_1
7510661510,Performance Test_1
7510661511,Performance Test_1
7510661522,Performance Test_1
7510661524,Performance Test_1
7510661531,Performance Test_1
7510661543,Performance Test_1
7510661555,Performance Test_1
7510661560,Performance Test_1
7510661565,Performance Test_1
7510661570,Performance Test_1
7510661585,Performance Test_1
7510661605,Performance Test_1
7510661613,Performance Test_1
7510661621,Performance Test_1
7510661626,Performance Test_1
7510661640,Performance Test_1
7510661655,Performance Test_1
7510661665,Performance Test_1
7510661713,Performance Test_1
7510661716,Performance Test_1
7510661739,Performance Test_1
7510661786,Performance Test_1
7510661809,Performance Test_1
7510661819,Performance Test_1
7510661837,Performance Test_1
7510661849,Performance Test_1
7510661893,Performance Test_1
7510661901,Performance Test_1
7510661989,Performance Test_1
7510661993,Performance Test_1
7510662027,Performance Test_1
7510662061,Performance Test_1
7510662079,Performance Test_1
7510662092,Performance Test_1
7510662106,Performance Test_1
7510662109,Performance Test_1
7510662133,Performance Test_1
7510662142,Performance Test_1
7510662144,Performance Test_1
7510662146,Performance Test_1
7510662172,Performance Test_1
7510662174,Performance Test_1
7510662199,Performance Test_1
7510662274,Performance Test_1
7510662356,Performance Test_1
7510662396,Performance Test_1
7510662398,Performance Test_1
7510662404,Performance Test_1
7510662436,Performance Test_1
7510662449,Performance Test_1
7510662488,Performance Test_1
7510662491,Performance Test_1
7510662527,Performance Test_1
7510662528,Performance Test_1
7510662548,Performance Test_1
7510662556,Performance Test_1
7510662562,Performance Test_1
7510662585,Performance Test_1
7510662597,Performance Test_1
7510662620,Performance Test_1
7510662621,Performance Test_1
7510662641,Performance Test_1
7510662654,Performance Test_1
7510662656,Performance Test_1
7510662658,Performance Test_1
7510662666,Performance Test_1
7510662686,Performance Test_1
7510662698,Performance Test_1
7510662705,Performance Test_1
7510662710,Performance Test_1
7510662711,Performance Test_1
7510662721,Performance Test_1
7510662785,Performance Test_1
7510662790,Performance Test_1
7510662794,Performance Test_1
7510662817,Performance Test_1
7510662832,Performance Test_1
7510662853,Performance Test_1
7510662854,Performance Test_1
7510662925,Performance Test_1
7510662936,Performance Test_1
7510662978,Performance Test_1
7510663082,Performance Test_1
7510663083,Performance Test_1
7510663089,Performance Test_1
7510663231,Performance Test_1
7510663242,Performance Test_1
7510663262,Performance Test_1
7510663279,Performance Test_1
7510663286,Performance Test_1
7510663320,Performance Test_1
7510663327,Performance Test_1
7510663353,Performance Test_1
7510663374,Performance Test_1
7510663375,Performance Test_1
7510663381,Performance Test_1
7510663399,Performance Test_1
7510663403,Performance Test_1
7510663404,Performance Test_1
7510663419,Performance Test_1
7510663447,Performance Test_1
7510663523,Performance Test_1
7510663524,Performance Test_1
7510663546,Performance Test_1
7510663572,Performance Test_1
7510663577,Performance Test_1
7510663644,Performance Test_1
7510663671,Performance Test_1
7510663674,Performance Test_1
7510663697,Performance Test_1
7510663714,Performance Test_1
7510663784,Performance Test_1
7510663807,Performance Test_1
7510663810,Performance Test_1
7510663820,Performance Test_1
7510663825,Performance Test_1
7510663906,Performance Test_1
7510663912,Performance Test_1
7510663923,Performance Test_1
7510663939,Performance Test_1
7510663940,Performance Test_1
7510663941,Performance Test_1
7510664083,Performance Test_1
7510664084,Performance Test_1
7510664102,Performance Test_1
7510664112,Performance Test_1
7510664204,Performance Test_1
7510664227,Performance Test_1
7510664254,Performance Test_1
7510664268,Performance Test_1
7510664292,Performance Test_1
7510664313,Performance Test_1
7510664334,Performance Test_1
7510664349,Performance Test_1
7510664355,Performance Test_1
7510664358,Performance Test_1
7510664361,Performance Test_1
7510664366,Performance Test_1
7510664367,Performance Test_1
7510664372,Performance Test_1
7510664373,Performance Test_1
7510664390,Performance Test_1
7510664412,Performance Test_1
7510664415,Performance Test_1
7510664423,Performance Test_1
7510664446,Performance Test_1
7510664447,Performance Test_1
7510664451,Performance Test_1
7510664455,Performance Test_1
7510664469,Performance Test_1
7510664474,Performance Test_1
7510664483,Performance Test_1
7510664490,Performance Test_1
7510664509,Performance Test_1
7510664562,Performance Test_1
7510664572,Performance Test_1
7510664608,Performance Test_1
7510664609,Performance Test_1
7510664626,Performance Test_1
7510664710,Performance Test_1
7510664726,Performance Test_1
7510664738,Performance Test_1
7510664740,Performance Test_1
7510664745,Performance Test_1
7510664746,Performance Test_1
7510664756,Performance Test_1
7510664808,Performance Test_1
7510664843,Performance Test_1
7510664851,Performance Test_1
7510664854,Performance Test_1
7510664873,Performance Test_1
7510664897,Performance Test_1
7510664942,Performance Test_1
7510664954,Performance Test_1
7510664974,Performance Test_1
7510664977,Performance Test_1
7510664979,Performance Test_1
7510664984,Performance Test_1
7510665004,Performance Test_1
7510665013,Performance Test_1
7510665022,Performance Test_1
7510665037,Performance Test_1
7510665043,Performance Test_1
7510665048,Performance Test_1
7510665066,Performance Test_1
7510665076,Performance Test_1
7510665081,Performance Test_1
7510665082,Performance Test_1
7510665128,Performance Test_1
7510665129,Performance Test_1
7510665151,Performance Test_1
7510665159,Performance Test_1
7510665181,Performance Test_1
7510665205,Performance Test_1
7510665219,Performance Test_1
7510665230,Performance Test_1
7510665243,Performance Test_1
7510665249,Performance Test_1
7510665261,Performance Test_1
7510665277,Performance Test_1
7510665286,Performance Test_1
7510665304,Performance Test_1
7510665321,Performance Test_1
7510665336,Performance Test_1
7510665358,Performance Test_1
7510665366,Performance Test_1
7510665369,Performance Test_1
7510665374,Performance Test_1
7510665409,Performance Test_1
7510665424,Performance Test_1
7510665432,Performance Test_1
7510665442,Performance Test_1
7510665448,Performance Test_1
7510665459,Performance Test_1
7510665468,Performance Test_1
7510665476,Performance Test_1
7510665502,Performance Test_1
7510665568,Performance Test_1
7510665613,Performance Test_1
7510665622,Performance Test_1
7510665687,Performance Test_1
7510665691,Performance Test_1
7510665697,Performance Test_1
7510665708,Performance Test_1
7510665715,Performance Test_1
7510665724,Performance Test_1
7510665736,Performance Test_1
7510665745,Performance Test_1
7510665757,Performance Test_1
7510665760,Performance Test_1
7510665765,Performance Test_1
7510665766,Performance Test_1
7510665775,Performance Test_1
7510665795,Performance Test_1
7510665809,Performance Test_1
7510665861,Performance Test_1
7510665873,Performance Test_1
7510665886,Performance Test_1
7510665888,Performance Test_1
7510665890,Performance Test_1
7510665899,Performance Test_1
7510665919,Performance Test_1
7510665926,Performance Test_1
7510665956,Performance Test_1
7510665998,Performance Test_1
7510666007,Performance Test_1
7510666168,Performance Test_1
7510666199,Performance Test_1
7510666209,Performance Test_1
7510666239,Performance Test_1
7510666243,Performance Test_1
7510666251,Performance Test_1
7510666303,Performance Test_1
7510666304,Performance Test_1
7510666342,Performance Test_1
7510666354,Performance Test_1
7510666418,Performance Test_1
7510666423,Performance Test_1
7510666441,Performance Test_1
7510666451,Performance Test_1
7510666460,Performance Test_1
7510666485,Performance Test_1
7510666515,Performance Test_1
7510666540,Performance Test_1
7510666565,Performance Test_1
7510666569,Performance Test_1
7510666570,Performance Test_1
7510666578,Performance Test_1
7510666647,Performance Test_1
7510666655,Performance Test_1
7510666692,Performance Test_1
7510666719,Performance Test_1
7510666761,Performance Test_1
7510666794,Performance Test_1
7510666797,Performance Test_1
7510666803,Performance Test_1
7510666824,Performance Test_1
7510666869,Performance Test_1
7510666926,Performance Test_1
7510666944,Performance Test_1
7510667004,Performance Test_1
7510667011,Performance Test_1
7510667020,Performance Test_1
7510667027,Performance Test_1
7510667037,Performance Test_1
7510667041,Performance Test_1
7510667050,Performance Test_1
7510667071,Performance Test_1
7510667075,Performance Test_1
7510667076,Performance Test_1
7510667097,Performance Test_1
7510667132,Performance Test_1
7510667143,Performance Test_1
7510667208,Performance Test_1
7510667247,Performance Test_1
7510667288,Performance Test_1
7510667289,Performance Test_1
7510667367,Performance Test_1
7510667386,Performance Test_1
7510667422,Performance Test_1
7510667458,Performance Test_1
7510667467,Performance Test_1
7510667490,Performance Test_1
7510667515,Performance Test_1
7510667520,Performance Test_1
7510667530,Performance Test_1
7510667551,Performance Test_1
7510667555,Performance Test_1
7510667556,Performance Test_1
7510667565,Performance Test_1
7510667611,Performance Test_1
7510667615,Performance Test_1
7510667623,Performance Test_1
7510667640,Performance Test_1
7510667645,Performance Test_1
7510667646,Performance Test_1
7510667663,Performance Test_1
7510667670,Performance Test_1
7510667680,Performance Test_1
7510667689,Performance Test_1
7510667708,Performance Test_1
7510667722,Performance Test_1
7510667766,Performance Test_1
7510667822,Performance Test_1
7510667864,Performance Test_1
7510667922,Performance Test_1
7510667937,Performance Test_1
7510668018,Performance Test_1
7510668064,Performance Test_1
7510668100,Performance Test_1
7510668112,Performance Test_1
7510668113,Performance Test_1
7510668129,Performance Test_1
7510668135,Performance Test_1
7510668145,Performance Test_1
7510668166,Performance Test_1
7510668170,Performance Test_1
7510668200,Performance Test_1
7510668204,Performance Test_1
7510668205,Performance Test_1
7510668206,Performance Test_1
7510668211,Performance Test_1
7510668217,Performance Test_1
7510668222,Performance Test_1
7510668265,Performance Test_1
7510668277,Performance Test_1
7510668278,Performance Test_1
7510668291,Performance Test_1
7510668293,Performance Test_1
7510668295,Performance Test_1
7510668303,Performance Test_1
7510668321,Performance Test_1
7510668366,Performance Test_1
7510668486,Performance Test_1
7510668511,Performance Test_1
7510668548,Performance Test_1
7510668574,Performance Test_1
7510668576,Performance Test_1
7510668662,Performance Test_1
7510668681,Performance Test_1
7510668682,Performance Test_1
7510668705,Performance Test_1
7510668710,Performance Test_1
7510668731,Performance Test_1
7510668790,Performance Test_1
7510668810,Performance Test_1
7510668820,Performance Test_1
7510668855,Performance Test_1
7510668860,Performance Test_1
7510668904,Performance Test_1
7510668908,Performance Test_1
7510668909,Performance Test_1
7510668929,Performance Test_1
7510668942,Performance Test_1
7510668954,Performance Test_1
7510669008,Performance Test_1
7510669009,Performance Test_1
7510669134,Performance Test_1
7510669162,Performance Test_1
7510669204,Performance Test_1
7510669217,Performance Test_1
7510669218,Performance Test_1
7510669238,Performance Test_1
7510669259,Performance Test_1
7510669285,Performance Test_1
7510669305,Performance Test_1
7510669342,Performance Test_1
7510669352,Performance Test_1
7510669353,Performance Test_1
7510669354,Performance Test_1
7510669477,Performance Test_1
7510669483,Performance Test_1
7510669546,Performance Test_1
7510669547,Performance Test_1
7510669582,Performance Test_1
7510669584,Performance Test_1
7510669601,Performance Test_1
7510669602,Performance Test_1
7510669603,Performance Test_1
7510669604,Performance Test_1
7510669613,Performance Test_1
7510669614,Performance Test_1
7510669807,Performance Test_1
7510669808,Performance Test_1
7510669892,Performance Test_1
7510669992,Performance Test_1
7510669993,Performance Test_1
7510669994,Performance Test_1
7510669998,Performance Test_1
7510670009,Performance Test_1
7510670029,Performance Test_1
7510670048,Performance Test_1
7510670126,Performance Test_1
7510670194,Performance Test_1
7510670223,Performance Test_1
7510670341,Performance Test_1
7510670342,Performance Test_1
7510670346,Performance Test_1
7510670357,Performance Test_1
7510670361,Performance Test_1
7510670362,Performance Test_1
7510670388,Performance Test_1
7510670389,Performance Test_1
7510670398,Performance Test_1
7510670399,Performance Test_1
7510670471,Performance Test_1
7510670479,Performance Test_1
7510670509,Performance Test_1
7510670542,Performance Test_1
7510670543,Performance Test_1
7510670564,Performance Test_1
7510670582,Performance Test_1
7510670594,Performance Test_1
7510670597,Performance Test_1
7510670614,Performance Test_1
7510670667,Performance Test_1
7510670762,Performance Test_1
7510670763,Performance Test_1
7510670764,Performance Test_1
7510670769,Performance Test_1
7510670776,Performance Test_1
7510670801,Performance Test_1
7510670802,Performance Test_1
7510670812,Performance Test_1
7510670813,Performance Test_1
7510670881,Performance Test_1
7510670890,Performance Test_1
7510670895,Performance Test_1
7510670900,Performance Test_1
7510670901,Performance Test_1
7510670906,Performance Test_1
7510670910,Performance Test_1
7510670915,Performance Test_1
7510670916,Performance Test_1
7510670917,Performance Test_1
7510670920,Performance Test_1
7510670925,Performance Test_1
7510670930,Performance Test_1
7510670935,Performance Test_1
7510670936,Performance Test_1
7510670937,Performance Test_1
7510670940,Performance Test_1
7510670945,Performance Test_1
7510670950,Performance Test_1
7510670955,Performance Test_1
7510670956,Performance Test_1
7510670960,Performance Test_1
7510670965,Performance Test_1
7510670966,Performance Test_1
7510670970,Performance Test_1
7510670975,Performance Test_1
7510670976,Performance Test_1
7510670977,Performance Test_1
7510670980,Performance Test_1
7510670985,Performance Test_1
7510670990,Performance Test_1
7510670995,Performance Test_1
7510670996,Performance Test_1
7510670997,Performance Test_1
7510671000,Performance Test_1
7510671005,Performance Test_1
7510671006,Performance Test_1
7510671010,Performance Test_1
7510671015,Performance Test_1
7510671020,Performance Test_1
7510671025,Performance Test_1
7510671030,Performance Test_1
7510671036,Performance Test_1
7510671040,Performance Test_1
7510671045,Performance Test_1
7510671050,Performance Test_1
7510671051,Performance Test_1
7510671055,Performance Test_1
7510660143,Performance Test_1
7510660154,Performance Test_1
7510660169,Performance Test_1
7510660174,Performance Test_1
7510660222,Performance Test_1
7510660291,Performance Test_1
7510660310,Performance Test_1
7510660433,Performance Test_1
7510660436,Performance Test_1
7510660455,Performance Test_1
7510660561,Performance Test_1
7510660569,Performance Test_1
7510660673,Performance Test_1
7510660759,Performance Test_1
7510660772,Performance Test_1
7510660773,Performance Test_1
7510660792,Performance Test_1
7510660857,Performance Test_1
7510660863,Performance Test_1
7510660870,Performance Test_1
7510660881,Performance Test_1
7510660884,Performance Test_1
7510660888,Performance Test_1
7510660898,Performance Test_1
7510660949,Performance Test_1
7510660966,Performance Test_1
7510660978,Performance Test_1
7510661030,Performance Test_1
7510661034,Performance Test_1
7510661036,Performance Test_1
7510661092,Performance Test_1
7510661111,Performance Test_1
7510661163,Performance Test_1
7510661228,Performance Test_1
7510661279,Performance Test_1
7510661302,Performance Test_1
7510661313,Performance Test_1
7510661332,Performance Test_1
7510661349,Performance Test_1
7510661389,Performance Test_1
7510661401,Performance Test_1
7510661409,Performance Test_1
7510661443,Performance Test_1
7510661458,Performance Test_1
7510661466,Performance Test_1
7510661496,Performance Test_1
7510661498,Performance Test_1
7510661505,Performance Test_1
7510661506,Performance Test_1
7510661526,Performance Test_1
7510661548,Performance Test_1
7510661571,Performance Test_1
7510661583,Performance Test_1
7510661589,Performance Test_1
7510661595,Performance Test_1
7510661599,Performance Test_1
7510661604,Performance Test_1
7510661614,Performance Test_1
7510661616,Performance Test_1
7510661631,Performance Test_1
7510661635,Performance Test_1
7510661636,Performance Test_1
7510661638,Performance Test_1
7510661645,Performance Test_1
7510661646,Performance Test_1
7510661650,Performance Test_1
7510661653,Performance Test_1
7510661670,Performance Test_1
7510661671,Performance Test_1
7510661676,Performance Test_1
7510661679,Performance Test_1
7510661681,Performance Test_1
7510661683,Performance Test_1
7510661690,Performance Test_1
7510661693,Performance Test_1
7510661695,Performance Test_1
7510661698,Performance Test_1
7510661700,Performance Test_1
7510661709,Performance Test_1
7510661712,Performance Test_1
7510661719,Performance Test_1
7510661728,Performance Test_1
7510661729,Performance Test_1
7510661733,Performance Test_1
7510661754,Performance Test_1
7510661763,Performance Test_1
7510661766,Performance Test_1
7510661769,Performance Test_1
7510661796,Performance Test_1
7510661799,Performance Test_1
7510661813,Performance Test_1
7510661814,Performance Test_1
7510661832,Performance Test_1
7510661833,Performance Test_1
7510661841,Performance Test_1
7510661842,Performance Test_1
7510661847,Performance Test_1
7510661881,Performance Test_1
7510661894,Performance Test_1
7510661896,Performance Test_1
7510661897,Performance Test_1
7510661911,Performance Test_1
7510661944,Performance Test_1
7510661957,Performance Test_1
7510661964,Performance Test_1
7510661976,Performance Test_1
7510662001,Performance Test_1
7510662023,Performance Test_1
7510662034,Performance Test_1
7510662039,Performance Test_1
7510662052,Performance Test_1
7510662056,Performance Test_1
7510662078,Performance Test_1
7510662099,Performance Test_1
7510662105,Performance Test_1
7510662112,Performance Test_1
7510662121,Performance Test_1
7510662128,Performance Test_1
7510662139,Performance Test_1
7510662152,Performance Test_1
7510662153,Performance Test_1
7510662163,Performance Test_1
7510662177,Performance Test_1
7510662203,Performance Test_1
7510662214,Performance Test_1
7510662217,Performance Test_1
7510662232,Performance Test_1
7510662273,Performance Test_1
7510662281,Performance Test_1
7510662292,Performance Test_1
7510662349,Performance Test_1
7510662358,Performance Test_1
7510662409,Performance Test_1
7510662433,Performance Test_1
7510662437,Performance Test_1
7510662451,Performance Test_1
7510662474,Performance Test_1
7510662494,Performance Test_1
7510662519,Performance Test_1
7510662550,Performance Test_1
7510662559,Performance Test_1
7510662566,Performance Test_1
7510662616,Performance Test_1
7510662636,Performance Test_1
7510662640,Performance Test_1
7510662664,Performance Test_1
7510662673,Performance Test_1
7510662680,Performance Test_1
7510662682,Performance Test_1
7510662685,Performance Test_1
7510662687,Performance Test_1
7510662713,Performance Test_1
7510662718,Performance Test_1
7510662726,Performance Test_1
7510662732,Performance Test_1
7510662780,Performance Test_1
7510662792,Performance Test_1
7510662793,Performance Test_1
7510662806,Performance Test_1
7510662816,Performance Test_1
7510662833,Performance Test_1
7510662876,Performance Test_1
7510662913,Performance Test_1
7510662915,Performance Test_1
7510662927,Performance Test_1
7510662938,Performance Test_1
7510662958,Performance Test_1
7510662972,Performance Test_1
7510662985,Performance Test_1
7510662987,Performance Test_1
7510662991,Performance Test_1
7510663009,Performance Test_1
7510663031,Performance Test_1
7510663034,Performance Test_1
7510663216,Performance Test_1
7510663218,Performance Test_1
7510663250,Performance Test_1
7510663259,Performance Test_1
7510663295,Performance Test_1
7510663307,Performance Test_1
7510663310,Performance Test_1
7510663337,Performance Test_1
7510663341,Performance Test_1
7510663352,Performance Test_1
7510663357,Performance Test_1
7510663361,Performance Test_1
7510663368,Performance Test_1
7510663371,Performance Test_1
7510663376,Performance Test_1
7510663382,Performance Test_1
7510663449,Performance Test_1
7510663472,Performance Test_1
7510663476,Performance Test_1
7510663552,Performance Test_1
7510663553,Performance Test_1
7510663564,Performance Test_1
7510663607,Performance Test_1
7510663658,Performance Test_1
7510663688,Performance Test_1
7510663707,Performance Test_1
7510663744,Performance Test_1
7510663748,Performance Test_1
7510663762,Performance Test_1
7510663770,Performance Test_1
7510663773,Performance Test_1
7510663802,Performance Test_1
7510663842,Performance Test_1
7510663845,Performance Test_1
7510663851,Performance Test_1
7510663856,Performance Test_1
7510663862,Performance Test_1
7510663863,Performance Test_1
7510663867,Performance Test_1
7510663869,Performance Test_1
7510663883,Performance Test_1
7510663885,Performance Test_1
7510663897,Performance Test_1
7510663926,Performance Test_1
7510663935,Performance Test_1
7510663938,Performance Test_1
7510663953,Performance Test_1
7510663955,Performance Test_1
7510663969,Performance Test_1
7510664059,Performance Test_1
7510664073,Performance Test_1
7510664074,Performance Test_1
7510664078,Performance Test_1
7510664120,Performance Test_1
7510664129,Performance Test_1
7510664232,Performance Test_1
7510664267,Performance Test_1
7510664273,Performance Test_1
7510664277,Performance Test_1
7510664279,Performance Test_1
7510664297,Performance Test_1
7510664312,Performance Test_1
7510664316,Performance Test_1
7510664318,Performance Test_1
7510664343,Performance Test_1
7510664345,Performance Test_1
7510664391,Performance Test_1
7510664403,Performance Test_1
7510664419,Performance Test_1
7510664420,Performance Test_1
7510664422,Performance Test_1
7510664424,Performance Test_1
7510664430,Performance Test_1
7510664484,Performance Test_1
7510664500,Performance Test_1
7510664505,Performance Test_1
7510664510,Performance Test_1
7510664580,Performance Test_1
7510664587,Performance Test_1
7510664588,Performance Test_1
7510664594,Performance Test_1
7510664601,Performance Test_1
7510664628,Performance Test_1
7510664629,Performance Test_1
7510664642,Performance Test_1
7510664662,Performance Test_1
7510664713,Performance Test_1
7510664735,Performance Test_1
7510664750,Performance Test_1
7510664751,Performance Test_1
7510664757,Performance Test_1
7510664760,Performance Test_1
7510664779,Performance Test_1
7510664790,Performance Test_1
7510664801,Performance Test_1
7510664813,Performance Test_1
7510664827,Performance Test_1
7510664828,Performance Test_1
7510664858,Performance Test_1
7510664868,Performance Test_1
7510664911,Performance Test_1
7510664951,Performance Test_1
7510664973,Performance Test_1
7510664997,Performance Test_1
7510665018,Performance Test_1
7510665023,Performance Test_1
7510665072,Performance Test_1
7510665114,Performance Test_1
7510665120,Performance Test_1
7510665149,Performance Test_1
7510665154,Performance Test_1
7510665167,Performance Test_1
7510665176,Performance Test_1
7510665208,Performance Test_1
7510665210,Performance Test_1
7510665260,Performance Test_1
7510665266,Performance Test_1
7510665267,Performance Test_1
7510665268,Performance Test_1
7510665280,Performance Test_1
7510665281,Performance Test_1
7510665282,Performance Test_1
7510665285,Performance Test_1
7510665296,Performance Test_1
7510665305,Performance Test_1
7510665306,Performance Test_1
7510665329,Performance Test_1
7510665339,Performance Test_1
7510665343,Performance Test_1
7510665350,Performance Test_1
7510665364,Performance Test_1
7510665384,Performance Test_1
7510665401,Performance Test_1
7510665433,Performance Test_1
7510665443,Performance Test_1
7510665456,Performance Test_1
7510665479,Performance Test_1
7510665531,Performance Test_1
7510665566,Performance Test_1
7510665596,Performance Test_1
7510665603,Performance Test_1
7510665609,Performance Test_1
7510665623,Performance Test_1
7510665648,Performance Test_1
7510665657,Performance Test_1
7510665659,Performance Test_1
7510665671,Performance Test_1
7510665685,Performance Test_1
7510665689,Performance Test_1
7510665711,Performance Test_1
7510665712,Performance Test_1
7510665740,Performance Test_1
7510665750,Performance Test_1
7510665769,Performance Test_1
7510665771,Performance Test_1
7510665772,Performance Test_1
7510665781,Performance Test_1
7510665797,Performance Test_1
7510665798,Performance Test_1
7510665803,Performance Test_1
7510665815,Performance Test_1
7510665825,Performance Test_1
7510665852,Performance Test_1
7510665860,Performance Test_1
7510665871,Performance Test_1
7510665880,Performance Test_1
7510665900,Performance Test_1
7510665932,Performance Test_1
7510665950,Performance Test_1
7510665951,Performance Test_1
7510665966,Performance Test_1
7510665978,Performance Test_1
7510665983,Performance Test_1
7510665992,Performance Test_1
7510665996,Performance Test_1
7510666001,Performance Test_1
7510666002,Performance Test_1
7510666018,Performance Test_1
7510666044,Performance Test_1
7510666113,Performance Test_1
7510666115,Performance Test_1
7510666116,Performance Test_1
7510666117,Performance Test_1
7510666142,Performance Test_1
7510666207,Performance Test_1
7510666219,Performance Test_1
7510666244,Performance Test_1
7510666247,Performance Test_1
7510666260,Performance Test_1
7510666274,Performance Test_1
7510666366,Performance Test_1
7510666391,Performance Test_1
7510666405,Performance Test_1
7510666447,Performance Test_1
7510666459,Performance Test_1
7510666470,Performance Test_1
7510666497,Performance Test_1
7510666508,Performance Test_1
7510666514,Performance Test_1
7510666520,Performance Test_1
7510666521,Performance Test_1
7510666535,Performance Test_1
7510666561,Performance Test_1
7510666566,Performance Test_1
7510666568,Performance Test_1
7510666575,Performance Test_1
7510666585,Performance Test_1
7510666592,Performance Test_1
7510666601,Performance Test_1
7510666616,Performance Test_1
7510666626,Performance Test_1
7510666645,Performance Test_1
7510666652,Performance Test_1
7510666709,Performance Test_1
7510666718,Performance Test_1
7510666732,Performance Test_1
7510666789,Performance Test_1
7510666886,Performance Test_1
7510666891,Performance Test_1
7510666896,Performance Test_1
7510666968,Performance Test_1
7510666994,Performance Test_1
7510666998,Performance Test_1
7510667040,Performance Test_1
7510667056,Performance Test_1
7510667057,Performance Test_1
7510667067,Performance Test_1
7510667068,Performance Test_1
7510667088,Performance Test_1
7510667089,Performance Test_1
7510667092,Performance Test_1
7510667138,Performance Test_1
7510667160,Performance Test_1
7510667215,Performance Test_1
7510667226,Performance Test_1
7510667256,Performance Test_1
7510667262,Performance Test_1
7510667291,Performance Test_1
7510667340,Performance Test_1
7510667342,Performance Test_1
7510667397,Performance Test_1
7510667401,Performance Test_1
7510667404,Performance Test_1
7510667408,Performance Test_1
7510667414,Performance Test_1
7510667419,Performance Test_1
7510667440,Performance Test_1
7510667452,Performance Test_1
7510667457,Performance Test_1
7510667461,Performance Test_1
7510667463,Performance Test_1
7510667472,Performance Test_1
7510667560,Performance Test_1
7510667566,Performance Test_1
7510667580,Performance Test_1
7510667585,Performance Test_1
7510667600,Performance Test_1
7510667608,Performance Test_1
7510667620,Performance Test_1
7510667625,Performance Test_1
7510667626,Performance Test_1
7510667627,Performance Test_1
7510667661,Performance Test_1
7510667666,Performance Test_1
7510667675,Performance Test_1
7510667676,Performance Test_1
7510667681,Performance Test_1
7510667684,Performance Test_1
7510667690,Performance Test_1
7510667717,Performance Test_1
7510667718,Performance Test_1
7510667789,Performance Test_1
7510667820,Performance Test_1
7510667869,Performance Test_1
7510667942,Performance Test_1
7510667952,Performance Test_1
7510667964,Performance Test_1
7510668047,Performance Test_1
7510668051,Performance Test_1
7510668087,Performance Test_1
7510668104,Performance Test_1
7510668125,Performance Test_1
7510668140,Performance Test_1
7510668162,Performance Test_1
7510668175,Performance Test_1
7510668195,Performance Test_1
7510668196,Performance Test_1
7510668220,Performance Test_1
7510668225,Performance Test_1
7510668229,Performance Test_1
7510668270,Performance Test_1
7510668285,Performance Test_1
7510668290,Performance Test_1
7510668298,Performance Test_1
7510668299,Performance Test_1
7510668300,Performance Test_1
7510668302,Performance Test_1
7510668310,Performance Test_1
7510668423,Performance Test_1
7510668472,Performance Test_1
7510668496,Performance Test_1
7510668516,Performance Test_1
7510668526,Performance Test_1
7510668635,Performance Test_1
7510668641,Performance Test_1
7510668714,Performance Test_1
7510668715,Performance Test_1
7510668735,Performance Test_1
7510668750,Performance Test_1
7510668752,Performance Test_1
7510668787,Performance Test_1
7510668845,Performance Test_1
7510668856,Performance Test_1
7510668865,Performance Test_1
7510668870,Performance Test_1
7510668875,Performance Test_1
7510668880,Performance Test_1
7510668914,Performance Test_1
7510668953,Performance Test_1
7510668965,Performance Test_1
7510668982,Performance Test_1
7510669021,Performance Test_1
7510669315,Performance Test_1
7510669336,Performance Test_1
7510669350,Performance Test_1
7510669356,Performance Test_1
